{
  "v": "5.7.8",
  "fr": 29.9700012207031,
  "ip": 0,
  "op": 40.0000016292334,
  "w": 56,
  "h": 28,
  "nm": "Comp 1",
  "ddd": 0,
  "assets": [],
  "layers": [
    {
      "ddd": 0,
      "ind": 1,
      "ty": 4,
      "nm": "REC Outlines",
      "sr": 1,
      "ks": {
        "o": { "a": 0, "k": 100, "ix": 11 },
        "r": { "a": 0, "k": 0, "ix": 10 },
        "p": { "a": 0, "k": [50.5, 18.84, 0], "ix": 2, "l": 2 },
        "a": { "a": 0, "k": [0, 0, 0], "ix": 1, "l": 2 },
        "s": { "a": 0, "k": [100, 100, 100], "ix": 6, "l": 2 }
      },
      "ao": 0,
      "shapes": [
        {
          "ty": "gr",
          "it": [
            {
              "ind": 0,
              "ty": "sh",
              "ix": 1,
              "ks": {
                "a": 0,
                "k": {
                  "i": [
                    [0, 0],
                    [-0.089, -0.048],
                    [-0.074, -0.113],
                    [0, 0],
                    [-0.106, -0.061],
                    [-0.152, 0],
                    [0, 0],
                    [0, 0],
                    [0.221, 0.126],
                    [-0.258, 0.173],
                    [-0.176, 0.23],
                    [-0.093, 0.282],
                    [0, 0.316],
                    [0.137, 0.331],
                    [0.292, 0.238],
                    [0.457, 0.132],
                    [0.641, 0],
                    [0, 0],
                    [0, 0],
                    [0, 0],
                    [0, 0]
                  ],
                  "o": [
                    [0.173, 0],
                    [0.089, 0.048],
                    [0, 0],
                    [0.074, 0.113],
                    [0.106, 0.061],
                    [0, 0],
                    [0, 0],
                    [-0.16, -0.234],
                    [0.329, -0.104],
                    [0.258, -0.173],
                    [0.175, -0.23],
                    [0.093, -0.282],
                    [0, -0.399],
                    [-0.137, -0.331],
                    [-0.293, -0.238],
                    [-0.457, -0.132],
                    [0, 0],
                    [0, 0],
                    [0, 0],
                    [0, 0],
                    [0, 0]
                  ],
                  "v": [
                    [-22.223, -3.673],
                    [-21.83, -3.601],
                    [-21.586, -3.361],
                    [-19.61, -0.351],
                    [-19.34, -0.091],
                    [-18.953, 0],
                    [-17.38, 0],
                    [-19.733, -3.471],
                    [-20.305, -4.01],
                    [-19.425, -4.426],
                    [-18.775, -5.031],
                    [-18.372, -5.798],
                    [-18.232, -6.695],
                    [-18.437, -7.79],
                    [-19.08, -8.645],
                    [-20.205, -9.201],
                    [-21.852, -9.399],
                    [-24.719, -9.399],
                    [-24.719, 0],
                    [-22.97, 0],
                    [-22.97, -3.673]
                  ],
                  "c": true
                },
                "ix": 2
              },
              "nm": "R",
              "mn": "ADBE Vector Shape - Group",
              "hd": false
            },
            {
              "ind": 1,
              "ty": "sh",
              "ix": 2,
              "ks": {
                "a": 0,
                "k": {
                  "i": [
                    [0, 0],
                    [0, 0],
                    [-0.314, -0.256],
                    [0, -0.477],
                    [0.078, -0.199],
                    [0.158, -0.145],
                    [0.245, -0.082],
                    [0.329, 0],
                    [0, 0]
                  ],
                  "o": [
                    [0, 0],
                    [0.646, 0],
                    [0.314, 0.256],
                    [0, 0.238],
                    [-0.078, 0.199],
                    [-0.158, 0.145],
                    [-0.245, 0.082],
                    [0, 0],
                    [0, 0]
                  ],
                  "v": [
                    [-22.97, -8.047],
                    [-21.852, -8.047],
                    [-20.413, -7.663],
                    [-19.941, -6.565],
                    [-20.058, -5.908],
                    [-20.413, -5.392],
                    [-21.017, -5.051],
                    [-21.878, -4.927],
                    [-22.97, -4.927]
                  ],
                  "c": true
                },
                "ix": 2
              },
              "nm": "R",
              "mn": "ADBE Vector Shape - Group",
              "hd": false
            },
            {
              "ty": "mm",
              "mm": 1,
              "nm": "Merge Paths 1",
              "mn": "ADBE Vector Filter - Merge",
              "hd": false
            },
            {
              "ty": "fl",
              "c": { "a": 0, "k": [1, 1, 1, 1], "ix": 4 },
              "o": { "a": 0, "k": 100, "ix": 5 },
              "r": 1,
              "bm": 0,
              "nm": "Fill 1",
              "mn": "ADBE Vector Graphic - Fill",
              "hd": false
            },
            {
              "ty": "tr",
              "p": { "a": 0, "k": [0, 0], "ix": 2 },
              "a": { "a": 0, "k": [0, 0], "ix": 1 },
              "s": { "a": 0, "k": [100, 100], "ix": 3 },
              "r": { "a": 0, "k": 0, "ix": 6 },
              "o": { "a": 0, "k": 100, "ix": 7 },
              "sk": { "a": 0, "k": 0, "ix": 4 },
              "sa": { "a": 0, "k": 0, "ix": 5 },
              "nm": "Transform"
            }
          ],
          "nm": "R",
          "np": 5,
          "cix": 2,
          "bm": 0,
          "ix": 1,
          "mn": "ADBE Vector Group",
          "hd": false
        },
        {
          "ty": "gr",
          "it": [
            {
              "ind": 0,
              "ty": "sh",
              "ix": 1,
              "ks": {
                "a": 0,
                "k": {
                  "i": [
                    [0, 0],
                    [0, 0],
                    [0, 0],
                    [0, 0],
                    [0, 0],
                    [0, 0],
                    [0, 0],
                    [0, 0],
                    [0, 0],
                    [0, 0],
                    [0, 0],
                    [0, 0]
                  ],
                  "o": [
                    [0, 0],
                    [0, 0],
                    [0, 0],
                    [0, 0],
                    [0, 0],
                    [0, 0],
                    [0, 0],
                    [0, 0],
                    [0, 0],
                    [0, 0],
                    [0, 0],
                    [0, 0]
                  ],
                  "v": [
                    [-15.912, -9.399],
                    [-15.912, 0],
                    [-9.984, 0],
                    [-9.984, -1.398],
                    [-14.15, -1.398],
                    [-14.15, -4.056],
                    [-10.868, -4.056],
                    [-10.868, -5.402],
                    [-14.15, -5.402],
                    [-14.15, -8.008],
                    [-9.984, -8.008],
                    [-9.984, -9.399]
                  ],
                  "c": true
                },
                "ix": 2
              },
              "nm": "E",
              "mn": "ADBE Vector Shape - Group",
              "hd": false
            },
            {
              "ty": "fl",
              "c": { "a": 0, "k": [1, 1, 1, 1], "ix": 4 },
              "o": { "a": 0, "k": 100, "ix": 5 },
              "r": 1,
              "bm": 0,
              "nm": "Fill 1",
              "mn": "ADBE Vector Graphic - Fill",
              "hd": false
            },
            {
              "ty": "tr",
              "p": { "a": 0, "k": [0, 0], "ix": 2 },
              "a": { "a": 0, "k": [0, 0], "ix": 1 },
              "s": { "a": 0, "k": [100, 100], "ix": 3 },
              "r": { "a": 0, "k": 0, "ix": 6 },
              "o": { "a": 0, "k": 100, "ix": 7 },
              "sk": { "a": 0, "k": 0, "ix": 4 },
              "sa": { "a": 0, "k": 0, "ix": 5 },
              "nm": "Transform"
            }
          ],
          "nm": "E",
          "np": 3,
          "cix": 2,
          "bm": 0,
          "ix": 2,
          "mn": "ADBE Vector Group",
          "hd": false
        },
        {
          "ty": "gr",
          "it": [
            {
              "ind": 0,
              "ty": "sh",
              "ix": 1,
              "ks": {
                "a": 0,
                "k": {
                  "i": [
                    [0.048, -0.024],
                    [0.043, -0.039],
                    [0.145, -0.089],
                    [0.162, -0.056],
                    [0.193, -0.026],
                    [0.238, 0],
                    [0.347, 0.15],
                    [0.256, 0.282],
                    [0.15, 0.412],
                    [0, 0.529],
                    [-0.15, 0.41],
                    [-0.267, 0.286],
                    [-0.37, 0.154],
                    [-0.442, 0],
                    [-0.245, -0.078],
                    [-0.16, -0.091],
                    [-0.104, -0.078],
                    [-0.1, 0],
                    [-0.054, 0.039],
                    [-0.035, 0.052],
                    [0, 0],
                    [0.522, 0.223],
                    [0.698, 0],
                    [0.591, -0.236],
                    [0.425, -0.425],
                    [0.234, -0.587],
                    [0, -0.706],
                    [-0.21, -0.589],
                    [-0.394, -0.425],
                    [-0.557, -0.238],
                    [-0.698, 0],
                    [-0.557, 0.251],
                    [-0.381, 0.472],
                    [0, 0],
                    [0.095, 0]
                  ],
                  "o": [
                    [-0.048, 0.024],
                    [-0.143, 0.13],
                    [-0.145, 0.089],
                    [-0.163, 0.056],
                    [-0.193, 0.026],
                    [-0.399, 0],
                    [-0.347, -0.15],
                    [-0.256, -0.282],
                    [-0.15, -0.412],
                    [0, -0.511],
                    [0.15, -0.41],
                    [0.266, -0.286],
                    [0.37, -0.154],
                    [0.377, 0],
                    [0.245, 0.078],
                    [0.16, 0.091],
                    [0.104, 0.078],
                    [0.095, 0],
                    [0.054, -0.039],
                    [0, 0],
                    [-0.373, -0.368],
                    [-0.522, -0.223],
                    [-0.715, 0],
                    [-0.592, 0.236],
                    [-0.425, 0.425],
                    [-0.234, 0.587],
                    [0, 0.698],
                    [0.21, 0.589],
                    [0.394, 0.425],
                    [0.557, 0.238],
                    [0.78, 0],
                    [0.557, -0.251],
                    [0, 0],
                    [-0.069, -0.074],
                    [-0.056, 0]
                  ],
                  "v": [
                    [-1.813, -2.181],
                    [-1.95, -2.087],
                    [-2.382, -1.758],
                    [-2.843, -1.54],
                    [-3.376, -1.417],
                    [-4.023, -1.378],
                    [-5.141, -1.602],
                    [-6.045, -2.249],
                    [-6.652, -3.289],
                    [-6.877, -4.699],
                    [-6.652, -6.081],
                    [-6.028, -7.124],
                    [-5.073, -7.784],
                    [-3.854, -8.014],
                    [-2.921, -7.898],
                    [-2.314, -7.644],
                    [-1.917, -7.391],
                    [-1.612, -7.273],
                    [-1.387, -7.332],
                    [-1.254, -7.469],
                    [-0.669, -8.281],
                    [-2.011, -9.168],
                    [-3.841, -9.503],
                    [-5.801, -9.149],
                    [-7.325, -8.158],
                    [-8.313, -6.64],
                    [-8.664, -4.699],
                    [-8.349, -2.769],
                    [-7.442, -1.248],
                    [-6.015, -0.253],
                    [-4.134, 0.104],
                    [-2.128, -0.273],
                    [-0.721, -1.359],
                    [-1.41, -2.106],
                    [-1.657, -2.217]
                  ],
                  "c": true
                },
                "ix": 2
              },
              "nm": "C",
              "mn": "ADBE Vector Shape - Group",
              "hd": false
            },
            {
              "ty": "fl",
              "c": { "a": 0, "k": [1, 1, 1, 1], "ix": 4 },
              "o": { "a": 0, "k": 100, "ix": 5 },
              "r": 1,
              "bm": 0,
              "nm": "Fill 1",
              "mn": "ADBE Vector Graphic - Fill",
              "hd": false
            },
            {
              "ty": "tr",
              "p": { "a": 0, "k": [0, 0], "ix": 2 },
              "a": { "a": 0, "k": [0, 0], "ix": 1 },
              "s": { "a": 0, "k": [100, 100], "ix": 3 },
              "r": { "a": 0, "k": 0, "ix": 6 },
              "o": { "a": 0, "k": 100, "ix": 7 },
              "sk": { "a": 0, "k": 0, "ix": 4 },
              "sa": { "a": 0, "k": 0, "ix": 5 },
              "nm": "Transform"
            }
          ],
          "nm": "C",
          "np": 3,
          "cix": 2,
          "bm": 0,
          "ix": 3,
          "mn": "ADBE Vector Group",
          "hd": false
        }
      ],
      "ip": 0,
      "op": 40.0000016292334,
      "st": 0,
      "bm": 0
    },
    {
      "ddd": 0,
      "ind": 3,
      "ty": 4,
      "nm": "Shape Layer 3",
      "sr": 1,
      "ks": {
        "o": {
          "a": 1,
          "k": [
            {
              "i": { "x": [0.667], "y": [-0.044] },
              "o": { "x": [0.333], "y": [0] },
              "t": 0,
              "s": [100]
            },
            {
              "i": { "x": [0.667], "y": [1] },
              "o": { "x": [0.333], "y": [0.155] },
              "t": 22,
              "s": [73.437]
            },
            { "t": 31.0000012626559, "s": [0] }
          ],
          "ix": 11
        },
        "r": { "a": 0, "k": 0, "ix": 10 },
        "p": { "a": 0, "k": [12.524, 14.274, 0], "ix": 2, "l": 2 },
        "a": { "a": 0, "k": [0, 0, 0], "ix": 1, "l": 2 },
        "s": {
          "a": 1,
          "k": [
            {
              "i": { "x": [0.667, 0.667, 0.667], "y": [0.725, 0.725, -0.421] },
              "o": { "x": [0.333, 0.333, 0.333], "y": [0, 0, 0] },
              "t": 0,
              "s": [35, 35, 100]
            },
            { "t": 27.0000010997325, "s": [71.561, 71.561, 100] }
          ],
          "ix": 6,
          "l": 2
        }
      },
      "ao": 0,
      "shapes": [
        {
          "ty": "gr",
          "it": [
            {
              "d": 1,
              "ty": "el",
              "s": { "a": 0, "k": [26.25, 26.25], "ix": 2 },
              "p": { "a": 0, "k": [0, 0], "ix": 3 },
              "nm": "Ellipse Path 1",
              "mn": "ADBE Vector Shape - Ellipse",
              "hd": false
            },
            {
              "ty": "st",
              "c": { "a": 0, "k": [1, 1, 1, 1], "ix": 3 },
              "o": { "a": 0, "k": 100, "ix": 4 },
              "w": { "a": 0, "k": 2, "ix": 5 },
              "lc": 1,
              "lj": 1,
              "ml": 4,
              "bm": 0,
              "nm": "Stroke 1",
              "mn": "ADBE Vector Graphic - Stroke",
              "hd": false
            },
            {
              "ty": "tr",
              "p": { "a": 0, "k": [0.375, 0.375], "ix": 2 },
              "a": { "a": 0, "k": [0, 0], "ix": 1 },
              "s": { "a": 0, "k": [100, 100], "ix": 3 },
              "r": { "a": 0, "k": 0, "ix": 6 },
              "o": { "a": 0, "k": 100, "ix": 7 },
              "sk": { "a": 0, "k": 0, "ix": 4 },
              "sa": { "a": 0, "k": 0, "ix": 5 },
              "nm": "Transform"
            }
          ],
          "nm": "Ellipse 1",
          "np": 3,
          "cix": 2,
          "bm": 0,
          "ix": 1,
          "mn": "ADBE Vector Group",
          "hd": false
        }
      ],
      "ip": 0,
      "op": 40.0000016292334,
      "st": 0,
      "bm": 0
    },
    {
      "ddd": 0,
      "ind": 4,
      "ty": 4,
      "nm": "Shape Layer 2",
      "sr": 1,
      "ks": {
        "o": { "a": 0, "k": 100, "ix": 11 },
        "r": { "a": 0, "k": 0, "ix": 10 },
        "p": { "a": 0, "k": [12.524, 14.274, 0], "ix": 2, "l": 2 },
        "a": { "a": 0, "k": [0, 0, 0], "ix": 1, "l": 2 },
        "s": {
          "a": 1,
          "k": [
            {
              "i": { "x": [0.667, 0.667, 0.667], "y": [1, 1, 1] },
              "o": { "x": [0.333, 0.333, 0.333], "y": [0, 0, 0] },
              "t": 0,
              "s": [35, 35, 100]
            },
            {
              "i": { "x": [0.833, 0.833, 0.833], "y": [1, 1, 1] },
              "o": { "x": [0.333, 0.333, 0.333], "y": [0, 0, 0] },
              "t": 20,
              "s": [35, 35, 100]
            },
            { "t": 38.0000015477717, "s": [35, 35, 100] }
          ],
          "ix": 6,
          "l": 2
        }
      },
      "ao": 0,
      "shapes": [
        {
          "ty": "gr",
          "it": [
            {
              "d": 1,
              "ty": "el",
              "s": { "a": 0, "k": [26.25, 26.25], "ix": 2 },
              "p": { "a": 0, "k": [0, 0], "ix": 3 },
              "nm": "Ellipse Path 1",
              "mn": "ADBE Vector Shape - Ellipse",
              "hd": false
            },
            {
              "ty": "fl",
              "c": { "a": 0, "k": [1, 1, 1, 1], "ix": 4 },
              "o": { "a": 0, "k": 100, "ix": 5 },
              "r": 1,
              "bm": 0,
              "nm": "Fill 1",
              "mn": "ADBE Vector Graphic - Fill",
              "hd": false
            },
            {
              "ty": "tr",
              "p": { "a": 0, "k": [0.375, 0.375], "ix": 2 },
              "a": { "a": 0, "k": [0, 0], "ix": 1 },
              "s": { "a": 0, "k": [100, 100], "ix": 3 },
              "r": { "a": 0, "k": 0, "ix": 6 },
              "o": { "a": 0, "k": 100, "ix": 7 },
              "sk": { "a": 0, "k": 0, "ix": 4 },
              "sa": { "a": 0, "k": 0, "ix": 5 },
              "nm": "Transform"
            }
          ],
          "nm": "Ellipse 1",
          "np": 3,
          "cix": 2,
          "bm": 0,
          "ix": 1,
          "mn": "ADBE Vector Group",
          "hd": false
        }
      ],
      "ip": 0,
      "op": 40.0000016292334,
      "st": 0,
      "bm": 0
    },
    {
      "ddd": 0,
      "ind": 5,
      "ty": 4,
      "nm": "Shape Layer 1",
      "sr": 1,
      "ks": {
        "o": { "a": 0, "k": 100, "ix": 11 },
        "r": { "a": 0, "k": 0, "ix": 10 },
        "p": { "a": 0, "k": [28, 14, 0], "ix": 2, "l": 2 },
        "a": { "a": 0, "k": [0, 0, 0], "ix": 1, "l": 2 },
        "s": { "a": 0, "k": [100, 100, 100], "ix": 6, "l": 2 }
      },
      "ao": 0,
      "shapes": [
        {
          "ty": "gr",
          "it": [
            {
              "ty": "rc",
              "d": 1,
              "s": { "a": 0, "k": [56, 28], "ix": 2 },
              "p": { "a": 0, "k": [0, 0], "ix": 3 },
              "r": { "a": 0, "k": 8, "ix": 4 },
              "nm": "Rectangle Path 1",
              "mn": "ADBE Vector Shape - Rect",
              "hd": false
            },
            {
              "ty": "fl",
              "c": {
                "a": 0,
                "k": [1, 0.29411797617, 0.360783984614, 1],
                "ix": 4
              },
              "o": { "a": 0, "k": 100, "ix": 5 },
              "r": 1,
              "bm": 0,
              "nm": "Fill 1",
              "mn": "ADBE Vector Graphic - Fill",
              "hd": false
            },
            {
              "ty": "tr",
              "p": { "a": 0, "k": [0, -0.25], "ix": 2 },
              "a": { "a": 0, "k": [0, 0], "ix": 1 },
              "s": { "a": 0, "k": [100, 100], "ix": 3 },
              "r": { "a": 0, "k": 0, "ix": 6 },
              "o": { "a": 0, "k": 100, "ix": 7 },
              "sk": { "a": 0, "k": 0, "ix": 4 },
              "sa": { "a": 0, "k": 0, "ix": 5 },
              "nm": "Transform"
            }
          ],
          "nm": "Rectangle 1",
          "np": 3,
          "cix": 2,
          "bm": 0,
          "ix": 1,
          "mn": "ADBE Vector Group",
          "hd": false
        }
      ],
      "ip": 0,
      "op": 40.0000016292334,
      "st": 0,
      "bm": 0
    }
  ],
  "markers": []
}
